"MASK_FILENAME","START_DATETIME","END_DATETIME"
"BALRD_LAND1_MASK_1600_1.dat",15-05-2014 17:30,04-07-2018 00:00
"BALRD_LAND1_MASK_1600_2.dat",15-10-2019 00:30,30-11-2020 00:00
"BALRD_LAND1_MASK_2560_1.dat",15-05-2014 17:30,04-07-2018 00:00
"BALRD_LAND1_MASK_4096_1.dat",15-05-2014 17:30,04-07-2018 00:00
"BALRD_LAND1_MASK_5472_3.dat",22-09-2021 00:00,
"BALRD_LAND2_MASK_1600_1.dat",15-05-2014 17:30,04-07-2018 00:00
"BALRD_LAND2_MASK_1600_2.dat",15-10-2019 00:30,30-11-2020 00:00
"BALRD_LAND2_MASK_2560_1.dat",15-05-2014 17:30,04-07-2018 00:00
"BALRD_LAND2_MASK_4096_1.dat",15-05-2014 17:30,04-07-2018 00:00
"BALRD_LAND2_MASK_5472_3.dat",22-09-2021 00:00,
"BICKL_LAND1_MASK_1600_1.dat",28-01-2015 17:00,18-08-2018 00:00
"BICKL_LAND1_MASK_1600_2.dat",21-08-2018 00:30,
"BICKL_LAND1_MASK_2560_1.dat",28-01-2015 17:00,18-08-2018 00:00
"BICKL_LAND1_MASK_4096_1.dat",28-01-2015 17:00,18-08-2018 00:00
"BICKL_LAND1_MASK_4096_2.dat",21-08-2018 00:30,
"BUNNY_LAND1_MASK_1600_1.dat",27-01-2015 00:30,22-08-2018 08:00
"BUNNY_LAND1_MASK_1600_2.dat",22-08-2018 08:30,19-04-2023 00:00
"BUNNY_LAND1_MASK_2560_1.dat",27-01-2015 00:30,22-08-2018 08:00
"BUNNY_LAND1_MASK_4096_1.dat",27-01-2015 00:30,22-08-2018 08:00
"BUNNY_LAND1_MASK_5184_1.dat",27-01-2015 00:30,22-08-2018 08:00
"BUNNY_LAND1_MASK_5184_2.dat",22-08-2018 08:30,19-04-2023 00:00
"BUNNY_LAND1_MASK_5184_3.dat",19-04-2023 00:00,
"BUNNY_LAND2_MASK_1600_1.dat",27-01-2015 00:30,22-08-2018 08:00
"BUNNY_LAND2_MASK_1600_2.dat",22-08-2018 08:30,19-04-2023 00:00
"BUNNY_LAND2_MASK_2560_1.dat",27-01-2015 00:30,22-08-2018 08:00
"BUNNY_LAND2_MASK_4096_1.dat",27-01-2015 00:30,22-08-2018 08:00
"BUNNY_LAND2_MASK_5184_1.dat",27-01-2015 00:30,22-08-2018 08:00
"BUNNY_LAND2_MASK_5184_2.dat",22-08-2018 08:30,19-04-2023 00:00
"BUNNY_LAND2_MASK_5184_3.dat",19-04-2023 00:00,
"CARDT_LAND1_MASK_1600_1.dat",24-06-2015 10:00,
"CARDT_LAND1_MASK_2560_1.dat",24-06-2015 10:00,
"CARDT_LAND1_MASK_4096_1.dat",24-06-2015 10:00,
"CARDT_LAND1_MASK_5184_1.dat",24-06-2015 10:00,
"CHIMN_LAND1_MASK_1600_1.dat",02-10-2013 13:30,11-04-2017 12:00
"CHIMN_LAND1_MASK_1600_2.dat",11-04-2017 12:30,06-12-2017 10:00
"CHIMN_LAND1_MASK_1600_3.dat",06-12-2017 11:00,30-11-2018 00:00
"CHIMN_LAND1_MASK_1600_4.dat",30-11-2018 00:30,12-12-2018 09:00
"CHIMN_LAND1_MASK_1600_5.dat",25-06-2019 11:30,21-09-2021 09:15
"CHIMN_LAND1_MASK_2560_1.dat",02-10-2013 13:30,11-04-2017 12:00
"CHIMN_LAND1_MASK_4096_1.dat",02-10-2013 13:30,11-04-2017 12:00
"CHIMN_LAND1_MASK_4096_5.dat",25-06-2019 11:30,21-09-2021 09:15
"CHIMN_LAND1_MASK_4096_6.dat",21-09-2021 11:05,
"CHOBH_LAND1_MASK_1600_1.dat",24-02-2015 14:00,08-11-2018 11:00
"CHOBH_LAND1_MASK_1600_2.dat",08-11-2018 11:30,
"CHOBH_LAND1_MASK_2560_1.dat",24-02-2015 14:00,08-11-2018 11:00
"CHOBH_LAND1_MASK_4096_1.dat",24-02-2015 14:00,08-11-2018 11:00
"CHOBH_LAND1_MASK_5184_2.dat",08-11-2018 11:30,
"COCHN_LAND1_MASK_1600_1.dat",23-08-2017 00:00,05-07-2018 10:35
"COCHN_LAND1_MASK_2560_1.dat",23-08-2017 00:00,05-07-2018 10:35
"COCHN_LAND1_MASK_2560_2.dat",05-07-2018 10:36,
"COCLP_LAND1_MASK_1600_1.dat",21-11-2014 14:30,18-10-2018 13:50
"COCLP_LAND1_MASK_1600_2.dat",19-10-2018 10:30,06-10-2020 12:55
"COCLP_LAND1_MASK_1600_3.dat",06-10-2020 15:25,
"COCLP_LAND1_MASK_2560_1.dat",21-11-2014 14:30,18-10-2018 13:50
"COCLP_LAND1_MASK_2560_2.dat",19-10-2018 10:30,06-10-2020 12:55
"COCLP_LAND1_MASK_4096_1.dat",21-11-2014 14:30,18-10-2018 13:50
"COCLP_LAND1_MASK_4096_3.dat",06-10-2020 15:25,
"CRICH_LAND1_MASK_1600_1.dat",02-12-2014 15:00,14-08-2018 07:50
"CRICH_LAND1_MASK_1600_2.dat",14-08-2018 10:40,04-09-2018 14:00
"CRICH_LAND1_MASK_1600_3.dat",18-09-2019 10:40,09-07-2020 12:50
"CRICH_LAND1_MASK_1600_4.dat",18-08-2020 07:30,11-05-2021 14:50
"CRICH_LAND1_MASK_2560_1.dat",02-12-2014 15:00,14-08-2018 07:50
"CRICH_LAND1_MASK_4096_1.dat",02-12-2014 15:00,14-08-2018 07:50
"CRICH_LAND1_MASK_4096_5.dat",12-05-2021 15:00,
"EASTB_LAND1_MASK_1600_1.dat",13-08-2014 11:30,18-10-2018 09:55
"EASTB_LAND1_MASK_1600_1.dat",08-10-2020 14:40,
"EASTB_LAND1_MASK_2560_1.dat",13-08-2014 11:30,18-10-2018 09:55
"EASTB_LAND1_MASK_2560_1.dat",08-10-2020 14:40,
"EASTB_LAND1_MASK_4096_1.dat",13-08-2014 11:30,18-10-2018 09:55
"EASTB_LAND1_MASK_4096_1.dat",08-10-2020 14:40,
"EASTB_LAND2_MASK_1600_1.dat",13-08-2014 11:30,18-10-2018 09:55
"EASTB_LAND2_MASK_1600_1.dat",08-10-2020 14:40,
"EASTB_LAND2_MASK_2560_1.dat",13-08-2014 11:30,18-10-2018 09:55
"EASTB_LAND2_MASK_2560_1.dat",08-10-2020 14:40,
"EASTB_LAND2_MASK_4096_1.dat",13-08-2014 11:30,18-10-2018 09:55
"EASTB_LAND2_MASK_4096_1.dat",08-10-2020 14:40,
"ELMST_LAND1_MASK_1600_1.dat",11-08-2016 15:30,20-09-2018 13:50
"ELMST_LAND1_MASK_1600_2.dat",21-09-2018 09:50,05-09-2019 13:55
"ELMST_LAND1_MASK_1600_3.dat",06-09-2019 07:00,
"ELMST_LAND1_MASK_2560_1.dat",11-08-2016 15:30,20-09-2018 13:50
"ELMST_LAND1_MASK_4096_1.dat",11-08-2016 15:30,20-09-2018 13:50
"ELMST_LAND1_MASK_4096_3.dat",06-09-2019 07:00,
"ELMST_LAND2_MASK_1600_1.dat",11-08-2016 15:30,20-09-2018 13:50
"ELMST_LAND2_MASK_1600_2.dat",21-09-2018 09:50,05-09-2019 13:55
"ELMST_LAND2_MASK_1600_3.dat",06-09-2019 07:00,
"ELMST_LAND2_MASK_2560_1.dat",11-08-2016 15:30,20-09-2018 13:50
"ELMST_LAND2_MASK_4096_1.dat",11-08-2016 15:30,20-09-2018 13:50
"ELMST_LAND2_MASK_4096_3.dat",06-09-2019 07:00,
"EUSTN_LAND1_MASK_1600_1.dat",31-03-2016 16:00,08-08-2016 13:50
"EUSTN_LAND1_MASK_1600_2.dat",30-03-2018 07:40,19-09-2018 13:55
"EUSTN_LAND1_MASK_1600_3.dat",16-01-2019 16:20,
"EUSTN_LAND1_MASK_2560_2.dat",30-03-2018 07:40,19-09-2018 13:55
"EUSTN_LAND1_MASK_2560_3.dat",16-01-2019 16:20,
"EUSTN_LAND1_MASK_4096_2.dat",30-03-2018 07:40,19-09-2018 13:55
"EUSTN_LAND1_MASK_5184_3.dat",16-01-2019 16:20,
"FINCH_LAND1_MASK_1600_1.dat",07-06-2017 11:30,30-07-2020 10:35
"FINCH_LAND1_MASK_1600_2.dat",30-07-2020 10:50,
"FINCH_LAND1_MASK_2560_1.dat",07-06-2017 11:30,30-07-2020 10:35
"FINCH_LAND1_MASK_2560_2.dat",30-07-2020 10:50,
"FINCH_LAND1_MASK_4096_1.dat",07-06-2017 11:30,30-07-2020 10:35
"FINCH_LAND1_MASK_4096_2.dat",30-07-2020 10:50,
"FINCH_LAND1_MASK_5184_1.dat",07-06-2017 11:30,30-07-2020 10:35
"FINCH_LAND1_MASK_5184_2.dat",30-07-2020 10:50,
"FIVET_LAND1_MASK_1600_1.dat",27-06-2018 07:45,19-08-2019 13:45
"FIVET_LAND1_MASK_1600_2.dat",20-08-2019 07:40,
"FIVET_LAND1_MASK_2560_1.dat",27-06-2018 07:45,19-08-2019 13:45
"FIVET_LAND1_MASK_2560_2.dat",20-08-2019 07:40,11-04-2023 00:00
"FIVET_LAND1_MASK_5184_2.dat",20-08-2019 07:40,11-04-2023 00:00
"GISBN_LAND1_MASK_1600_1.dat",15-08-2014 12:00,05-09-2018 10:50
"GISBN_LAND1_MASK_1600_1.dat",28-10-2018 11:45,16-12-2018 14:45
"GISBN_LAND1_MASK_1600_2.dat",19-12-2018 08:40,04-05-2022 23:00
"GISBN_LAND1_MASK_1600_3.dat",02-04-2023 00:00,
"GISBN_LAND1_MASK_2560_1.dat",15-08-2014 12:00,05-09-2018 10:50
"GISBN_LAND1_MASK_2560_1.dat",28-10-2018 11:45,16-12-2018 14:45
"GISBN_LAND1_MASK_2560_2.dat",19-12-2018 08:40,04-05-2022 23:00
"GISBN_LAND1_MASK_4096_1.dat",15-08-2014 12:00,05-09-2018 10:50
"GISBN_LAND1_MASK_4096_1.dat",28-10-2018 11:45,16-12-2018 14:45
"GISBN_LAND1_MASK_4096_2.dat",19-12-2018 08:40,04-05-2022 23:00
"GISBN_LAND1_MASK_4096_3.dat",05-05-2022 01:00,02-04-2023 00:00
"GISBN_LAND2_MASK_1600_1.dat",15-08-2014 12:00,05-09-2018 10:50
"GISBN_LAND2_MASK_1600_1.dat",28-10-2018 11:45,16-12-2018 14:45
"GISBN_LAND2_MASK_1600_2.dat",19-12-2018 08:40,04-05-2022 23:00
"GISBN_LAND2_MASK_1600_3.dat",02-04-2023 00:00,
"GISBN_LAND2_MASK_2560_1.dat",15-08-2014 12:00,05-09-2018 10:50
"GISBN_LAND2_MASK_2560_1.dat",28-10-2018 11:45,16-12-2018 14:45
"GISBN_LAND2_MASK_2560_2.dat",19-12-2018 08:40,04-05-2022 23:00
"GISBN_LAND2_MASK_4096_1.dat",15-08-2014 12:00,05-09-2018 10:50
"GISBN_LAND2_MASK_4096_1.dat",28-10-2018 11:45,16-12-2018 14:45
"GISBN_LAND2_MASK_4096_2.dat",19-12-2018 08:40,04-05-2022 23:00
"GISBN_LAND2_MASK_4096_3.dat",05-05-2022 01:00,02-04-2023 00:00
"GLENS_LAND1_MASK_1600_1.dat",14-05-2014 11:30,29-06-2018 09:45
"GLENS_LAND1_MASK_1600_4.dat",03-09-2020 14:25,
"GLENS_LAND1_MASK_2560_1.dat",14-05-2014 11:30,29-06-2018 09:45
"GLENS_LAND1_MASK_2560_2.dat",03-07-2018 11:20,27-08-2019 10:55
"GLENS_LAND1_MASK_2560_3.dat",27-08-2019 11:45,05-01-2020 12:45
"GLENS_LAND1_MASK_4096_1.dat",14-05-2014 11:30,29-06-2018 09:45
"GLENS_LAND1_MASK_5184_4.dat",03-09-2020 14:25,
"GLENW_LAND1_MASK_1600_1.dat",15-06-2016 15:00,14-10-2018 13:50
"GLENW_LAND1_MASK_1600_2.dat",14-11-2018 14:50,
"GLENW_LAND1_MASK_2560_1.dat",15-06-2016 15:00,14-10-2018 13:50
"GLENW_LAND1_MASK_2560_2.dat",14-11-2018 14:50,
"GLENW_LAND1_MASK_4096_1.dat",15-06-2016 15:00,14-10-2018 13:50
"GLENW_LAND1_MASK_5184_2.dat",14-11-2018 14:50,
"HADLW_LAND1_MASK_1600_1.dat",17-10-2016 10:30,21-07-2021 08:55
"HADLW_LAND1_MASK_2560_1.dat",17-10-2016 10:30,21-07-2021 08:55
"HADLW_LAND1_MASK_4096_1.dat",17-10-2016 10:30,21-07-2021 08:55
"HADLW_LAND1_MASK_4096_2.dat",21-07-2021 10:55,
"HARTW_LAND1_MASK_1280_3.dat",01-08-2018 12:30,24-02-2021 08:55
"HARTW_LAND1_MASK_1600_1.dat",20-05-2014 10:30,17-09-2015 09:50
"HARTW_LAND1_MASK_1600_2.dat",17-09-2015 10:45,20-04-2018 13:55
"HARTW_LAND1_MASK_1600_3.dat",01-08-2018 12:30,24-02-2021 08:55
"HARTW_LAND1_MASK_1600_4.dat",23-04-2021 06:45,23-04-2021 14:55
"HARTW_LAND1_MASK_2560_1.dat",20-05-2014 10:30,17-09-2015 09:50
"HARTW_LAND1_MASK_4096_1.dat",20-05-2014 10:30,17-09-2015 09:50
"HARTW_LAND1_MASK_4096_5.dat",24-08-2021 15:05,
"HENFS_LAND2_MASK_1600_1.dat",22-12-2015 14:40,12-09-2018 09:45
"HENFS_LAND2_MASK_1600_2.dat",12-09-2018 10:35,18-09-2019 07:45
"HENFS_LAND2_MASK_1600_3.dat",18-09-2019 13:40,20-10-2020 09:25
"HENFS_LAND2_MASK_1600_4.dat",20-10-2020 11:40,
"HENFS_LAND2_MASK_5184_4.dat",20-10-2020 11:40,
"SOURH_LAND1_MASK_1600_1.dat",19-11-2014 11:00,31-01-2018 12:55
"SOURH_LAND1_MASK_1600_2.dat",01-02-2018 10:30,16-10-2018 10:15
"SOURH_LAND1_MASK_1600_3.dat",16-10-2018 12:30,
"SOURH_LAND1_MASK_2560_1.dat",19-11-2014 11:00,31-01-2018 12:55
"SOURH_LAND1_MASK_4096_1.dat",19-11-2014 11:00,31-01-2018 12:55
"SOURH_LAND2_MASK_1600_1.dat",19-11-2014 11:00,31-01-2018 12:55
"SOURH_LAND2_MASK_1600_2.dat",01-02-2018 10:30,16-10-2018 10:15
"SOURH_LAND2_MASK_1600_3.dat",16-10-2018 12:30,
"SOURH_LAND2_MASK_2560_1.dat",19-11-2014 11:00,31-01-2018 12:55
"SOURH_LAND2_MASK_4096_1.dat",19-11-2014 11:00,31-01-2018 12:55
"SPENF_LAND1_MASK_1600_1.dat",28-11-2016 11:45,
"SPENF_LAND1_MASK_2560_1.dat",28-11-2016 11:45,
"SPENF_LAND1_MASK_5184_1.dat",28-11-2016 11:45,
"STGHT_LAND1_MASK_1600_1.dat",19-08-2015 06:30,22-08-2018 13:50
"STGHT_LAND1_MASK_1600_2.dat",23-08-2018 10:15,10-04-2019 17:50
"STGHT_LAND1_MASK_1600_3.dat",01-05-2019 16:25,21-07-2020 12:45
"STGHT_LAND1_MASK_1600_4.dat",21-07-2020 14:10,15-04-2021 08:50
"STGHT_LAND1_MASK_2560_1.dat",19-08-2015 06:30,22-08-2018 13:50
"STGHT_LAND1_MASK_4096_1.dat",19-08-2015 06:30,22-08-2018 13:50
"STGHT_LAND1_MASK_4096_5.dat",15-04-2021 10:35,
"STGHT_LAND2_MASK_1600_1.dat",19-08-2015 06:30,22-08-2018 13:50
"STGHT_LAND2_MASK_1600_2.dat",23-08-2018 10:15,10-04-2019 17:50
"STGHT_LAND2_MASK_1600_3.dat",01-05-2019 16:25,21-07-2020 12:45
"STGHT_LAND2_MASK_1600_4.dat",21-07-2020 14:10,15-04-2021 08:50
"STGHT_LAND2_MASK_2560_1.dat",19-08-2015 06:30,22-08-2018 13:50
"STGHT_LAND2_MASK_4096_1.dat",19-08-2015 06:30,22-08-2018 13:50
"STGHT_LAND2_MASK_4096_5.dat",15-04-2021 10:35,
"STIPS_LAND1_MASK_1600_1.dat",06-11-2014 15:00,08-01-2018 10:50
"STIPS_LAND1_MASK_1600_2.dat",12-07-2018 12:40,11-09-2018 07:50
"STIPS_LAND1_MASK_1600_3.dat",11-09-2018 09:05,31-01-2023 15:00
"STIPS_LAND1_MASK_2560_1.dat",06-11-2014 15:00,08-01-2018 10:50
"STIPS_LAND1_MASK_2560_3.dat",11-09-2018 09:05,31-01-2023 15:00
"STIPS_LAND1_MASK_4096_1.dat",06-11-2014 15:00,08-01-2018 10:50
"STIPS_LAND1_MASK_4096_3.dat",11-09-2018 09:05,31-01-2023 15:00
"STIPS_LAND1_MASK_4096_5.dat",31-01-2023 00:00,
"SYDLG_LAND1_MASK_1600_2.dat",25-08-2020 10:45,
"SYDLG_LAND1_MASK_2560_1.dat",28-11-2018 12:20,25-08-2020 08:45
"SYDLG_LAND1_MASK_2560_2.dat",25-08-2020 10:45,
"SYDLG_LAND1_MASK_5184_2.dat",25-08-2020 10:45,
"TADHM_LAND1_MASK_1600_1.dat",14-10-2014 12:00,20-11-2018 14:45
"TADHM_LAND1_MASK_1600_2.dat",04-12-2018 10:30,11-12-2019 11:50
"TADHM_LAND1_MASK_1600_3.dat",11-12-2019 14:45,
"TADHM_LAND1_MASK_2560_1.dat",14-10-2014 12:00,20-11-2018 14:45
"TADHM_LAND1_MASK_2560_2.dat",04-12-2018 10:30,11-12-2019 11:50
"TADHM_LAND1_MASK_2560_3.dat",11-12-2019 14:45,
"TADHM_LAND1_MASK_4096_1.dat",14-10-2014 12:00,20-11-2018 14:45
"TADHM_LAND1_MASK_4096_3.dat",11-12-2019 14:45,
"WADDN_LAND1_MASK_1600_1.dat",04-11-2013 18:30,04-10-2018 07:55
"WADDN_LAND1_MASK_1600_2.dat",04-10-2018 13:15,13-02-2020 08:55
"WADDN_LAND1_MASK_2560_1.dat",04-11-2013 18:30,04-10-2018 07:55
"WADDN_LAND1_MASK_2560_3.dat",14-02-2020 11:35,03-06-2021 08:50
"WADDN_LAND1_MASK_4096_1.dat",04-11-2013 18:30,04-10-2018 07:55
"WADDN_LAND1_MASK_5472_4.dat",03-06-2021 10:30,
"WIMPL_LAND1_MASK_1600_1.dat",11-09-2019 08:35,
"WIMPL_LAND1_MASK_2560_1.dat",11-09-2019 08:35,
"WIMPL_LAND1_MASK_4096_1.dat",11-09-2019 08:35,
"WRTTL_LAND1_MASK_1600_1.dat",04-07-2017 10:30,23-10-2018 09:55
"WRTTL_LAND1_MASK_1600_2.dat",23-10-2018 11:45,20-08-2020 14:50
"WRTTL_LAND1_MASK_1600_3.dat",21-08-2020 09:05,
"WRTTL_LAND1_MASK_2560_1.dat",04-07-2017 10:30,23-10-2018 09:55
"WRTTL_LAND1_MASK_2560_2.dat",23-10-2018 11:45,20-08-2020 14:50
"WRTTL_LAND1_MASK_2560_3.dat",21-08-2020 09:05,
"WRTTL_LAND1_MASK_4096_1.dat",04-07-2017 10:30,23-10-2018 09:55
"WRTTL_LAND1_MASK_4096_3.dat",21-08-2020 09:05,
"HILLB_LAND1_MASK_1600_1.dat",14-06-2016 17:00,03-08-2021 14:50
"HILLB_LAND1_MASK_2560_1.dat",14-06-2016 17:00,03-08-2021 14:50
"HILLB_LAND1_MASK_4096_1.dat",14-06-2016 17:00,03-08-2021 14:50
"HILLB_LAND1_MASK_4096_2.dat",04-08-2021 09:20,
"HLACY_LAND1_MASK_1600_2.dat",14-09-2018 13:40,
"HLACY_LAND1_MASK_2560_1.dat",11-04-2018 10:45,14-09-2018 11:55
"HLACY_LAND1_MASK_2560_2.dat",14-09-2018 13:40,
"HLACY_LAND1_MASK_5184_2.dat",14-09-2018 13:40,
"HOLLN_LAND1_MASK_1600_1.dat",25-03-2014 12:30,19-12-2018 10:55
"HOLLN_LAND1_MASK_1600_2.dat",19-12-2018 13:50,03-05-2022 11:15
"HOLLN_LAND1_MASK_2560_1.dat",25-03-2014 12:30,19-12-2018 10:55
"HOLLN_LAND1_MASK_2560_2.dat",19-12-2018 13:50,03-05-2022 11:15
"HOLLN_LAND1_MASK_4096_1.dat",25-03-2014 12:30,19-12-2018 10:55
"HOLLN_LAND1_MASK_4096_2.dat",19-12-2018 13:50,03-05-2022 11:15
"HOLLN_LAND1_MASK_4096_3.dat",03-05-2022 11:20,
"HYBRY_LAND1_MASK_1600_1.dat",16-08-2017 12:30,18-10-2018 10:55
"HYBRY_LAND1_MASK_1600_3.dat",13-10-2020 09:15,
"HYBRY_LAND1_MASK_2560_1.dat",16-08-2017 12:30,18-10-2018 10:55
"HYBRY_LAND1_MASK_2560_2.dat",06-11-2018 13:10,13-10-2020 08:40
"HYBRY_LAND1_MASK_2560_3.dat",13-10-2020 09:15,
"HYBRY_LAND1_MASK_4096_1.dat",16-08-2017 12:30,18-10-2018 10:55
"HYBRY_LAND1_MASK_4096_3.dat",13-10-2020 09:15,
"HYBRY_LAND1_MASK_5184_3.dat",13-10-2020 09:15,
"LIZRD_LAND1_MASK_1600_1.dat",17-10-2014 12:00,06-12-2018 08:50
"LIZRD_LAND1_MASK_1600_2.dat",06-12-2018 11:30,25-05-2019 11:55
"LIZRD_LAND1_MASK_1600_3.dat",25-05-2019 13:45,13-12-2019 08:55
"LIZRD_LAND1_MASK_1600_4.dat",27-08-2020 14:20,
"LIZRD_LAND1_MASK_2560_1.dat",17-10-2014 12:00,06-12-2018 08:50
"LIZRD_LAND1_MASK_4096_1.dat",17-10-2014 12:00,06-12-2018 08:50
"LIZRD_LAND1_MASK_4096_4.dat",27-08-2020 14:20,
"LODTN_LAND1_MASK_1600_2.dat",10-05-2016 10:50,23-04-2018 11:50
"LODTN_LAND1_MASK_1600_3.dat",23-04-2018 13:20,11-09-2019 11:50
"LODTN_LAND1_MASK_1600_4.dat",01-10-2019 07:50,15-04-2021 14:50
"LODTN_LAND1_MASK_2560_2.dat",10-05-2016 10:50,23-04-2018 11:50
"LODTN_LAND1_MASK_4096_2.dat",10-05-2016 10:50,23-04-2018 11:50
"LODTN_LAND1_MASK_5184_5.dat",16-04-2021 10:00,
"LODTN_LAND1_MASK_800_1.dat",26-04-2016 15:00,07-05-2016 13:55
"LULLN_LAND1_MASK_1600_1.dat",16-12-2014 15:30,26-10-2018 07:50
"LULLN_LAND1_MASK_1600_3.dat",19-08-2020 10:20,
"LULLN_LAND1_MASK_2560_1.dat",16-12-2014 15:30,26-10-2018 07:50
"LULLN_LAND1_MASK_2560_2.dat",26-10-2018 10:45,19-08-2020 08:45
"LULLN_LAND1_MASK_2560_3.dat",19-08-2020 10:20,
"LULLN_LAND1_MASK_4096_1.dat",16-12-2014 15:30,26-10-2018 07:50
"LULLN_LAND1_MASK_4096_3.dat",19-08-2020 10:20,
"LULLN_LAND2_MASK_1600_1.dat",16-12-2014 15:30,26-10-2018 07:50
"LULLN_LAND2_MASK_1600_3.dat",19-08-2020 10:20,
"LULLN_LAND2_MASK_2560_1.dat",16-12-2014 15:30,26-10-2018 07:50
"LULLN_LAND2_MASK_2560_2.dat",26-10-2018 10:45,19-08-2020 08:45
"LULLN_LAND2_MASK_2560_3.dat",19-08-2020 10:20,
"LULLN_LAND2_MASK_4096_1.dat",16-12-2014 15:30,26-10-2018 07:50
"LULLN_LAND2_MASK_4096_3.dat",19-08-2020 10:20,
"MOORH_LAND1_MASK_1600_1.dat",04-12-2014 11:30,02-06-2016 09:45
"MOORH_LAND1_MASK_1600_2.dat",15-05-2017 10:45,14-08-2018 13:50
"MOORH_LAND1_MASK_1600_3.dat",15-08-2018 09:35,
"MOORH_LAND1_MASK_2560_1.dat",04-12-2014 11:30,02-06-2016 09:45
"MOORH_LAND1_MASK_2560_3.dat",15-08-2018 09:35,
"MOORH_LAND1_MASK_4096_1.dat",04-12-2014 11:30,02-06-2016 09:45
"MOORH_LAND1_MASK_4096_3.dat",15-08-2018 09:35,
"MOORH_LAND1_MASK_5184_3.dat",15-08-2018 09:35,
"MOREM_LAND1_MASK_1600_1.dat",16-11-2018 00:30,
"MOREM_LAND1_MASK_2560_1.dat",16-11-2018 00:30,
"MOREM_LAND1_MASK_5184_1.dat",16-11-2018 00:30,
"MORLY_LAND1_MASK_1600_1.dat",14-05-2014 05:00,04-08-2018 11:50
"MORLY_LAND1_MASK_1600_2.dat",18-09-2018 08:45,
"MORLY_LAND1_MASK_2560_1.dat",14-05-2014 05:00,04-08-2018 11:50
"MORLY_LAND1_MASK_2560_2.dat",18-09-2018 08:45,
"MORLY_LAND1_MASK_4096_1.dat",14-05-2014 05:00,04-08-2018 11:50
"MORLY_LAND1_MASK_4096_2.dat",18-09-2018 08:45,
"MORLY_LAND1_MASK_5184_2.dat",18-09-2018 08:45,
"MORLY_LAND2_MASK_1600_1.dat",14-05-2014 05:00,04-08-2018 11:50
"MORLY_LAND2_MASK_1600_2.dat",18-09-2018 08:45,
"MORLY_LAND2_MASK_2560_1.dat",14-05-2014 05:00,04-08-2018 11:50
"MORLY_LAND2_MASK_2560_2.dat",18-09-2018 08:45,
"MORLY_LAND2_MASK_4096_1.dat",14-05-2014 05:00,04-08-2018 11:50
"MORLY_LAND2_MASK_4096_2.dat",18-09-2018 08:45,
"MORLY_LAND2_MASK_5184_2.dat",18-09-2018 08:45,
"NWYKE_LAND1_MASK_1600_1.dat",16-10-2014 09:00,04-12-2018 14:50
"NWYKE_LAND1_MASK_1600_2.dat",05-12-2018 10:40,17-05-2023 00:00
"NWYKE_LAND1_MASK_2560_1.dat",16-10-2014 09:00,04-12-2018 14:50
"NWYKE_LAND1_MASK_4096_1.dat",16-10-2014 09:00,04-12-2018 14:50
"NWYKE_LAND1_MASK_4096_2.dat",05-12-2018 10:40,17-05-2023 00:00
"NWYKE_LAND1_MASK_4096_3.dat",17-05-2023 00:00,
"NWYKE_LAND2_MASK_1600_1.dat",16-10-2014 09:00,04-12-2018 14:50
"NWYKE_LAND2_MASK_1600_2.dat",05-12-2018 10:40,17-05-2023 00:00
"NWYKE_LAND2_MASK_2560_1.dat",16-10-2014 09:00,04-12-2018 14:50
"NWYKE_LAND2_MASK_4096_1.dat",16-10-2014 09:00,04-12-2018 14:50
"NWYKE_LAND2_MASK_4096_2.dat",05-12-2018 10:40,17-05-2023 00:00
"NWYKE_LAND2_MASK_4096_3.dat",17-05-2023 00:00,
"PLYNL_LAND1_MASK_1600_1.dat",05-11-2014 12:30,09-04-2016 07:50
"PLYNL_LAND1_MASK_2560_1.dat",05-11-2014 12:30,09-04-2016 07:50
"PLYNL_LAND1_MASK_4096_1.dat",05-11-2014 12:30,09-04-2016 07:50
"PORTN_LAND1_MASK_1600_1.dat",18-12-2014 10:30,20-06-2016 13:50
"PORTN_LAND1_MASK_1600_2.dat",08-08-2017 09:15,07-11-2018 08:50
"PORTN_LAND1_MASK_1600_2.dat",21-03-2019 12:45,
"PORTN_LAND1_MASK_2560_1.dat",18-12-2014 10:30,20-06-2016 13:50
"PORTN_LAND1_MASK_2560_2.dat",08-08-2017 09:15,07-11-2018 08:50
"PORTN_LAND1_MASK_2560_2.dat",21-03-2019 12:45,
"PORTN_LAND1_MASK_4096_1.dat",18-12-2014 10:30,20-06-2016 13:50
"PORTN_LAND1_MASK_5184_2.dat",21-03-2019 12:45,
"RDMER_LAND1_MASK_1600_1.dat",18-02-2015 11:45,31-05-2017 13:45
"RDMER_LAND1_MASK_1600_2.dat",20-06-2017 09:40,
"RDMER_LAND1_MASK_2560_2.dat",20-06-2017 09:40,
"RDMER_LAND2_MASK_1600_1.dat",18-02-2015 11:45,31-05-2017 13:45
"RDMER_LAND2_MASK_1600_2.dat",20-06-2017 09:40,
"RDMER_LAND2_MASK_2560_2.dat",20-06-2017 09:40,
"RISEH_LAND1_MASK_1600_1.dat",04-05-2016 16:00,17-08-2018 09:55
"RISEH_LAND1_MASK_1600_2.dat",17-08-2018 11:45,26-06-2019 10:45
"RISEH_LAND1_MASK_1600_3.dat",26-06-2019 12:05,04-11-2020 08:50
"RISEH_LAND1_MASK_1600_4.dat",04-11-2020 14:40,14-04-2021 08:45
"RISEH_LAND1_MASK_2560_1.dat",04-05-2016 16:00,17-08-2018 09:55
"RISEH_LAND1_MASK_4096_1.dat",04-05-2016 16:00,17-08-2018 09:55
"RISEH_LAND1_MASK_4096_5.dat",14-04-2021 09:50,
"ROTHD_LAND1_MASK_1600_1.dat",25-07-2014 08:00,03-10-2018 07:50
"ROTHD_LAND1_MASK_1600_2.dat",03-10-2018 09:55,
"ROTHD_LAND1_MASK_2560_1.dat",25-07-2014 08:00,03-10-2018 07:50
"ROTHD_LAND1_MASK_2560_2.dat",03-10-2018 09:55,
"ROTHD_LAND1_MASK_4096_2.dat",03-10-2018 09:55,
"ROTHD_LAND2_MASK_1600_1.dat",25-07-2014 08:00,03-10-2018 07:50
"ROTHD_LAND2_MASK_1600_2.dat",03-10-2018 09:55,
"ROTHD_LAND2_MASK_2560_1.dat",25-07-2014 08:00,03-10-2018 07:50
"ROTHD_LAND2_MASK_2560_2.dat",03-10-2018 09:55,
"ROTHD_LAND2_MASK_4096_2.dat",03-10-2018 09:55,
"SHEEP_LAND1_MASK_1600_1.dat",24-10-2013 14:30,07-12-2016 10:50
"SHEEP_LAND1_MASK_1600_2.dat",07-12-2016 11:45,15-10-2017 13:55
"SHEEP_LAND1_MASK_1600_3.dat",16-10-2017 07:45,03-12-2018 11:55
"SHEEP_LAND1_MASK_1600_4.dat",03-12-2018 14:40,08-07-2021 15:15
"SHEEP_LAND1_MASK_2560_1.dat",24-10-2013 14:30,07-12-2016 10:50
"SHEEP_LAND1_MASK_4096_1.dat",24-10-2013 14:30,07-12-2016 10:50
"SHEEP_LAND1_MASK_5184_4.dat",03-12-2018 14:40,08-07-2021 15:15
"SHEEP_LAND1_MASK_5184_5.dat",09-07-2021 09:00,
"SHEEP_LAND1_MASK_800_1.dat",24-10-2013 14:30,07-12-2016 10:50
"SHEEP_LAND1_MASK_800_2.dat",07-12-2016 11:45,15-10-2017 13:55
